model_label,train_setting,condition,n_samples,rouge1,rouge2,rougeL,bertscore_precision,bertscore_recall,bertscore_f1,context_precision@1,context_precision@10,context_precision@3,context_precision@5,context_recall@1,context_recall@10,context_recall@3,context_recall@5,noise_ratio,precision@1,precision@10,precision@3,precision@5,recall@1,recall@10,recall@3,recall@5,retrieval_precision@1,retrieval_precision@10,retrieval_precision@3,retrieval_precision@5,retrieval_recall@1,retrieval_recall@10,retrieval_recall@3,retrieval_recall@5
led_base,clean_trained,clean,1999,0.30507508922290155,0.081873822362509,0.18958218006662997,0.8687952366872332,0.8163802146673084,0.8415032307346682,1.0,1.0,1.0,1.0,0.030451121901533533,0.0913533657046006,0.0913533657046006,0.0913533657046006,0.0,1.0,1.0,1.0,1.0,0.030451121901533533,0.0913533657046006,0.0913533657046006,0.0913533657046006,1.0,1.0,1.0,1.0,0.030451121901533533,0.0913533657046006,0.0913533657046006,0.0913533657046006
led_base,clean_trained,easy,1999,0.2783631938543313,0.06585351570303753,0.1761396144780642,0.8609884128742303,0.8120572636758404,0.835527621757513,0.6068034017008505,0.5999999999999999,0.599132899783225,0.5999999999999999,0.01822516217949662,0.0913533657046006,0.054562784643266346,0.0913533657046006,0.4000000000000001,0.6068034017008505,0.5999999999999999,0.599132899783225,0.5999999999999999,0.01822516217949662,0.0913533657046006,0.054562784643266346,0.0913533657046006,1.0,1.0,1.0,1.0,0.030451121901533533,0.0913533657046006,0.0913533657046006,0.0913533657046006
led_base,clean_trained,hard,1999,0.26634332447220194,0.06223990254004344,0.17105830149984214,0.8586978164537362,0.8113302109896272,0.8340710065793013,0.6098049024512256,0.5999999999999999,0.6016341504085375,0.5999999999999999,0.017943373572993568,0.0913533657046006,0.05493286698069921,0.0913533657046006,0.4000000000000001,0.6098049024512256,0.5999999999999999,0.6016341504085375,0.5999999999999999,0.017943373572993568,0.0913533657046006,0.05493286698069921,0.0913533657046006,1.0,1.0,1.0,1.0,0.030451121901533533,0.0913533657046006,0.0913533657046006,0.0913533657046006
